id;title;description;start_time;end_time;jhi_order
1;Beauty methodical;robust Principal;2020-07-06T07:29:41;2020-07-05T10:59:40;88884
2;Arizona;Fully-configurable Oklahoma;2020-07-06T01:04:52;2020-07-05T18:52:00;40009
3;systematic Nevada withdrawal;Creative Gloves;2020-07-05T10:41:19;2020-07-05T12:31:30;72088
4;backing up Director Cambridgeshire;Borders;2020-07-05T21:49:18;2020-07-05T18:45:44;6195
5;benchmark Direct;Accounts GB red;2020-07-05T20:39:04;2020-07-05T20:37:25;53697
6;synthesizing compress;Future override Ghana;2020-07-06T04:55:01;2020-07-05T08:17:46;47721
7;Research Bacon EXE;withdrawal payment Steel;2020-07-05T16:46:05;2020-07-06T01:59:26;29902
8;Global Implementation;global;2020-07-05T16:00:29;2020-07-06T02:57:19;52381
9;Hawaii Michigan payment;Wooden input;2020-07-06T00:31:19;2020-07-05T20:38:48;99355
10;Sausages;Licensed Salad;2020-07-06T03:59:13;2020-07-05T08:05:15;49447
