id;title;description
1;HTTP Cambridgeshire web-enabled;Saint Helena Pound
2;integrate;bypass
3;solution-oriented panel;Home Loan Account synergize
4;Dale withdrawal back-end;Extensions synthesizing
5;Tasty California;viral Sleek Rubber Gloves
6;access Peso Uruguayo Uruguay Peso en Unidades Indexadas;convergence CSS
7;Granite;SQL Global hacking
8;back up bluetooth;Square back-end connecting
9;Solomon Islands Applications Trinidad and Tobago Dollar;Yen navigating
10;New Jersey envisioneer District;infrastructures Hat turquoise
